jinjya,fortune,message,仕事,学業,試験,対人,ラッキーアイテム,ラッキーカラー,吉方位,開運数字
joju,大吉,努力が実を結ぶ最高の時。迷わず大きく一歩を踏み出そう。,重要な案件で評価される。昇進・抜擢の芽あり。,理解が一気に深まる。難問もスッと解ける。,実力を出し切れる。手応えそのままの好結果。,頼れる仲間と出会える。協力で成果が倍増。,万年筆,紺,北,3
joju,大吉,積み重ねた準備が花開く。今日始めたことは必ず形になる。,提案が通りやすい。温めた企画を出すなら今日。,集中力が冴えわたる。長時間でも疲れにくい。,ヤマが当たる予感。最後の見直しが効く。,あなたの誠実さが評価され、人が集まる。,付箋,白,東,7
joju,大吉,追い風が吹いている。挑戦すればするほど道が開ける。,難局を任され、見事にさばいて株を上げる。,苦手分野が腑に落ちる転機の日。,本番に強い日。緊張すら追い風になる。,良き師・メンターとの縁。教えを素直に受けて吉。,青いノート,緑,南,8
joju,大吉,周囲の信頼が一気に集まる日。任された仕事を堂々とこなそう。,成果が数字に表れる。継続が報われる。,学んだ内容がしっかり定着する。復習が効く。,ケアレスミスが出ない。落ち着いて全問正解を狙える。,チームの中心として信頼される。,観葉植物,金,西,1
joju,大吉,視界がひらける一日。長年の目標に手が届きはじめる。,新しい役割が舞い込む。受けて正解。,良い参考書・先生に出会える。素直に取り入れて吉。,合格圏に手が届く。自信を持って臨もう。,感謝を伝えると関係がさらに深まる。,腕時計,青,北東,5
joju,大吉,ひらめきと行動が噛み合う。アイデアを即実行に移して吉。,上司の後押しを得て前進。遠慮は不要。,発表・課題で高評価。準備が報われる。,時間配分が完璧。余裕を持って解き切れる。,紹介・推薦の話が舞い込む。,名刺入れ,橙,南東,9
joju,大吉,実力以上の成果が出る好機。遠慮せず前へ。,段取り上手が光る日。周囲を巻き込んで大成功。,新しい学習法がハマる。効率が跳ね上がる。,面接・口頭試問で好印象。言葉がスラスラ出る。,対立も対話で好転。歩み寄りが実を結ぶ。,緑茶,紫,南西,2
joju,大吉,縁と運が味方する。大きな決断ほど良い結果につながる。,長期の取り組みが実を結ぶ。次の目標も見えてくる。,知的好奇心が原動力に。学ぶほど楽しくなる。,第一志望に届く運気。強気の出願が吉。,人脈が次のチャンスを運んでくる。,ブックカバー,銀,北西,6
joju,中吉,good な流れ。焦らず着実に進めれば成果は十分。,担当業務が順調。報連相を丁寧にすると更に良い。,予習が効く。理解の土台が固まる。,見直しでミスを拾える。最後まで気を抜かないで。,素直な相談が良縁を呼ぶ。,鉛筆,桜色,北,4
joju,中吉,やるべきことが明確になる日。一つずつ片付けよう。,改善提案が好印象。小さな一言が評価される。,ノートの取り方を変えると伸びる。,得意分野で確実に点を稼げる。,感謝の一言で関係が温まる。,印鑑,山吹色,東,11
joju,中吉,小さな成功が自信に変わる。勢いを大切に。,締切に余裕を持って臨めそう。,適度な休憩で集中が続く。,時間配分を意識すれば好結果。,聞き役に回ると信頼が増す。,しおり,藍,南,21
joju,中吉,準備が整いつつある。あと一歩の踏み込みが鍵。,同僚との連携がうまくいく。,苦手も少しずつ前進。焦らないで。,基本問題を落とさなければ合格圏。,仲間の助言が役立つ。,白いハンカチ,若草色,西,24
joju,中吉,周囲の助けを借りると一気に進む。遠慮しないで。,段取りを見直すと効率アップ。,友人との勉強会が好結果。,前日の早寝が効く。,小さな約束を守ると評価が上がる。,万年筆,紺,北東,3
joju,中吉,地道な作業が報われ始める。継続が吉。,新しいツールが役立つ。試して吉。,基礎の確認が後で効いてくる。,落ち着けば実力どおり出せる。,笑顔が場を和ませる。,付箋,白,南東,7
joju,中吉,選択に迷ったら前向きな方を。概ね良い方へ転ぶ。,コツコツ型が報われる日。,計画通りに進められる日。,過去問の復習が当たる。,新しい出会いに前向きで吉。,青いノート,緑,南西,8
joju,中吉,今日の工夫が明日の余裕を生む。,上司に相談すると道が開ける。,わからない点を質問して吉。,焦らず一問ずつ。十分戦える。,誤解は早めの対話で解ける。,観葉植物,金,北西,1
joju,小吉,穏やかに前進。背伸びせず等身大で進めば良い。,ルーティンを丁寧に。信頼が静かに積もる。,復習中心で着実に。,基本を落とさなければ及第点。,挨拶を欠かさず。好印象が積もる。,腕時計,青,北,5
joju,小吉,派手さはないが堅実に積み上がる日。,小さなミスに注意すれば問題なし。,短時間集中を繰り返すと良い。,見直しの時間を確保しよう。,聞き上手が信頼を生む。,名刺入れ,橙,東,9
joju,小吉,小さな達成を喜ぶことが次の力に。,整理整頓が効率を上げる。,得意を伸ばして自信をつけよう。,緊張しても深呼吸で立て直せる。,小さな親切が巡り巡って返る。,緑茶,紫,南,2
joju,小吉,焦りは禁物。丁寧さがあなたの武器。,焦らず優先順位をつけよう。,わからない所に印をつけて後で潰す。,得意問題から手をつけて吉。,無理に合わせず自然体で。,ブックカバー,銀,西,6
joju,小吉,現状維持も立派な前進。土台を固めよう。,確認を一手間増やすと安心。,基礎固めが今日のテーマ。,ケアレスミスにだけ注意。,相手の立場を思うと円滑に。,鉛筆,桜色,北東,4
joju,小吉,ちょっとした工夫が効いてくる。,地味な作業が後で効く。,暗記は少量を反復で。,前向きな気持ちが結果を支える。,感謝は言葉にして伝えよう。,印鑑,山吹色,南東,11
joju,小吉,無理せず休みも挟むと長続きする。,周囲の様子を見て動くと吉。,計画は控えめに、確実に。,出来る範囲で着実に得点を。,穏やかな対応が吉。,しおり,藍,南西,21
joju,小吉,今日の積み重ねは確かに未来につながる。,一歩ずつで十分前進している。,焦らず継続が一番の近道。,準備した分はきちんと出せる。,焦らず関係を育てよう。,白いハンカチ,若草色,北西,24
joju,吉,可もなく不可もなく、淡々と進めるのが正解。,目の前の業務を丁寧に。,復習でリズムを取り戻そう。,基本問題を確実に。,挨拶と笑顔を大切に。,万年筆,紺,北,3
joju,吉,目の前のことに集中すれば良い一日に。,報連相を欠かさず。,計画を見直すと進めやすい。,時間配分を意識しよう。,聞く姿勢が信頼を生む。,付箋,白,東,7
joju,吉,現状を見つめ直す好機。基本に立ち返ろう。,整理整頓で効率を保とう。,基礎の確認が安心につながる。,見直しでミスを防げる。,無理せず自然体で。,青いノート,緑,南,8
joju,吉,派手な動きより堅実な選択を。,無理な約束は避けて吉。,短時間でも机に向かう習慣を。,落ち着けば実力は出せる。,感謝を忘れずに。,観葉植物,金,西,1
joju,吉,整える日。机・予定・気持ちを整理しよう。,確認作業を大切に。,苦手は無理せず少しずつ。,得意から解いて流れを作る。,相手を尊重すると円滑。,腕時計,青,北東,5
joju,吉,小さな一歩で十分。続けることが力に。,周囲と歩調を合わせて。,得意を磨いて自信に。,深呼吸で緊張を和らげて。,小さな気遣いが効く。,名刺入れ,橙,南東,9
joju,吉,助言に耳を傾けると気づきがある。,今日は守りを固める日。,睡眠を整えると集中が戻る。,準備した範囲を丁寧に。,穏やかな対応を心がけて。,緑茶,紫,南西,2
joju,吉,焦らなければ流れは悪くない。,小さな改善を一つ。,焦らず継続を。,最後まで諦めないで。,焦らず縁を育てよう。,ブックカバー,銀,北西,6
joju,末吉,今は種まきの時。すぐ結果が出なくても腐らないで。,成果は後からついてくる。今は準備を。,基礎固めが後で効く。,今回は手応えを掴む練習と捉えて。,今は聞き役に徹すると吉。,鉛筆,桜色,北,4
joju,末吉,ゆっくりだが確実に上向く。辛抱が実る。,地道な作業を厭わないで。,今日わからなくても明日には繋がる。,復習の量が次に効いてくる。,信頼は時間をかけて育つもの。,印鑑,山吹色,東,11
joju,末吉,下積みが後で大きな差になる。続けよう。,焦って動くより足元を固めよう。,反復が力になる時期。,ミスの傾向を知る良い機会。,焦らず距離を縮めよう。,しおり,藍,南,21
joju,末吉,停滞に見えても土台は育っている。,学びの時期。吸収を優先して吉。,結果より過程を大切に。,基礎の穴を埋めれば次は伸びる。,小さな約束の積み重ねが効く。,白いハンカチ,若草色,西,24
joju,末吉,焦りは禁物。基礎を固める時期と心得て。,目立たなくても評価は蓄積中。,コツコツ型が最後に伸びる。,結果に一喜一憂しないで。,感謝を言葉にして関係を温めて。,万年筆,紺,北東,3
joju,末吉,小さな前進を見逃さないで。確かに進んでいる。,報連相で信頼を貯めよう。,計画を小さく刻んで継続を。,時間配分の練習を重ねよう。,誤解は丁寧な説明で解ける。,付箋,白,南東,7
joju,末吉,今日の我慢が明日の余裕に変わる。,小さな改善を続けて。,苦手と向き合う好機。,あと少しの粘りが鍵。,無理に広げず深めよう。,青いノート,緑,南西,8
joju,末吉,遠回りに見える道が一番の近道になることも。,次のチャンスに備えて整える。,焦らず土台を作ろう。,準備を積めば必ず報われる。,誠実さが後で実を結ぶ。,観葉植物,金,北西,1
joju,凶,今日は守りの日。新しい挑戦より確認を優先して。,ダブルチェックを徹底しよう。,新範囲より復習に充てよう。,見直しを最優先に。,言葉選びは慎重に。,腕時計,青,北,5
joju,凶,無理は禁物。一度立ち止まって見直そう。,大きな決断は先送りが無難。,詰め込みは逆効果。休憩を挟んで。,難問は飛ばして取れる所から。,感情的な返信は一晩おいて。,名刺入れ,橙,東,9
joju,凶,焦るとミスが出やすい。ゆっくり丁寧に。,報連相を丁寧に、独断は避けて。,わからない所は印だけつけて先へ。,ケアレスミスに最大の注意を。,誤解が生じやすい日。確認を丁寧に。,緑茶,紫,南,2
joju,凶,うまくいかなくても自分を責めないで。,締切に余裕を持って動こう。,睡眠不足に注意。整える日。,緊張したら深呼吸で立て直して。,無理な付き合いは断っても良い。,ブックカバー,銀,西,6
joju,凶,小さなトラブルに注意。早めの対処が吉。,ミスは早めに報告すれば傷が浅い。,計画は無理せず軽めに。,時間配分を守れば致命傷は避けられる。,聞き役に回ると波風が立たない。,鉛筆,桜色,北東,4
joju,凶,休息も戦略のうち。今日は充電に充てて。,新規より既存業務の整理を。,焦りは禁物。基礎の確認を。,完璧を狙わず確実に部分点を。,距離を取ることも優しさ。,印鑑,山吹色,南東,11
joju,凶,他人と比べず、自分のペースを守ろう。,無理な引き受けは控えて。,短時間でもやれば十分。,終わったことより次に集中。,謝るべき時は素直に。,しおり,藍,南西,21
joju,凶,種まきの前の整地と考えれば気が楽に。,今日は守りを固める日。,自分を責めず一歩だけ進めて。,準備した範囲だけは丁寧に。,今日は自分を労わって。,白いハンカチ,若草色,北西,24
joju,大凶,底を打てば後は上がるだけ。今日は何もしないが正解の日も。,重要判断・契約は絶対に先送り。,新しいことは始めず復習だけに。,結果に過度な期待をせず、経験として臨んで。,今日は連絡・返信を控えめに。,万年筆,紺,北,3
joju,大凶,うまくいかなくて当然。自分を責めず休もう。,ミスが出やすい。確認を何重にも。,詰め込みは禁物。しっかり休もう。,取れる問題だけ確実に。,口論は避けて距離を取ろう。,付箋,白,東,7
joju,大凶,大きな動きは厳禁。現状維持で嵐をやり過ごそう。,新規案件は受けない方が無難。,体調最優先。睡眠を確保して。,難問は潔く飛ばそう。,感情的な言葉は飲み込んで。,青いノート,緑,南,8
joju,大凶,今日の停滞は明日の飛躍の助走。焦らないで。,トラブルは抱えず早めに相談を。,焦って手を広げない。,緊張が強い日。深呼吸を何度も。,無理な集まりは欠席でも良い。,観葉植物,金,西,1
joju,大凶,心と体を最優先に。無理だけは避けて。,今日は最低限の業務に絞って。,わからなくても今日は気にしない。,ミスしても引きずらないで。,一人の時間を大切に。,腕時計,青,北東,5
joju,大凶,失敗しても経験値は確実に増えている。,無理な残業は避けて休もう。,机に向かえただけで十分。,終わった科目は振り返らず次へ。,誤解は後日落ち着いてから解こう。,名刺入れ,橙,南東,9
joju,大凶,悪い流れは長くは続かない。耐える日と心得て。,守りに徹すれば傷は最小に。,明日への充電日と考えて。,完答より部分点狙いで十分。,誰かに頼ることは弱さではない。,緑茶,紫,南西,2
joju,大凶,一度すべて手放して、明日仕切り直そう。,嵐が過ぎるのを静かに待とう。,自分を責めないことが一番大事。,次への課題を一つ持ち帰れれば収穫。,まず自分を守ることを優先して。,ブックカバー,銀,北西,6
